Human Adjudicated GT,,,,,,,,,,,
"This is a Human Adjudicated GT for a set of anonymized emails---suspected scam/impersonation emails collected by Panacea team members---wherein each row consists of an email number (1 is the first email in the pool), a sentence from that email, a potential Ask or Framing action (e.g., ""contact"", ""win""), arguments of that action, confidence score associated with Ask or Framing (if there is one), the Ask (e.g., ""contact""=PERFORM), the Framing (e.g., ""win""=GAIN), an Ask or Framing structure (including URL).  If there is an Ask, the designation as Top Ask is marked X if it is a top ask (or unmarked if not), and an Ask Category is provided. Potential Asks and Framings are extracted using dependency/constituency parsing and semantic role labeling (SRL). Experimental data associated with this Ground truth are available on the Ask Detection website. Note: The Case Index in GT is aligned with the Case Index in the Experimental Data. Also, see Dorr et al., AAAI 2020 for overall Precision, Recall, and F results based on these outcomes.",,,,,,,,,,,
,,,,,,,,,,,
Case Index,Email,Sentence,Action,Arg1,Arg2,Confidence,Ask,Framing,Ask or Framing Representation,Top Ask,Ask Category
1,1,I am stuck at the airport.,stuck,i,at the airport,0.9,,LOSE,<LOSE[stuck[i()[]]]>,,
2,1,I am stuck at the airport.,am,i,stuck at the airport,,,,<[am[i()[]]]>,,
3,1, Please help me out by sending $5000,help,me,by sending $ 5000,0.8,PERFORM,,<PERFORM[help[me()['finance_money']]]>,X,finance_money
4,1, Please help me out by sending $5000,sending,"$5,000 ",,0,PERFORM,,<PERFORM[sending[$ 5000()['finance_money']]]>,,finance_money
5,2,Hello Wow!!!,hello,,,,,,<[hello[()[]]]>,,
6,2,Hello Wow!!!,wow,,,,,,<[wow[()[]]]>,,
7,2, Congratulation,congratulation,,,,,,<[congratulation[()[]]]>,,
8,2,"It is a great pleasure to inform you that you have won the sum of 1,750,000.00 Euro !!",inform,you,"that you have won the sum of 1,750,000.00 euro",,,,<[inform[you()['finance_money']]]>,,finance_money
9,2,"It is a great pleasure to inform you that you have won the sum of 1,750,000.00 Euro !!",is,"to inform you that you have won the sum of 1,750,000.00 euro",a great pleasure,,,,"<[is[to inform you that you have won the sum of 1,750,000.00 euro()['finance_money']]]>",,finance_money
10,2,"It is a great pleasure to inform you that you have won the sum of 1,750,000.00 Euro !!",have,,,,,,<[have[()[]]]>,,
11,2,"It is a great pleasure to inform you that you have won the sum of 1,750,000.00 Euro !!",won,"the sum of 1,750,000.00 euro",,0.9,,GAIN,"<GAIN[won[the sum of 1,750,000.00 euro()['finance_money']]]>",,finance_money
12,2,"For more inquiries, quickly contact me through this Email address.",contact,me,,0.9,PERFORM,,<PERFORM[contact[me(0)[]]]>,X,
13,2,.,.,,,,,,<[.[()[]]]>,,
14,2,(   jw11@example.com ),jw11@example.com,,,,,,<[jw11@example.com[()[]]]>,,
15,2,"Yours faithfully, Joe",yours,,,,,,<[yours[()[]]]>,,
16,2,"Associate Director and Research Scientist, Science America, Austin, TX",--,,,,,,<[--[()[]]]>,,
17,2,"Associate Director and Research Scientist, Science America, Austin, TX",director,,,,,,<[director[()[]]]>,,
18,2,"Associate Director and Research Scientist, Science America, Austin, TX",austin,,,,,,<[austin[()[]]]>,,
19,3,Hello!,hello,,,,,,<[hello[()[]]]>,,
20,3,"We sent you this email because you're signing up for a new NewsPost account with your email address, URL",sent,this email,you,0,,,<PERFORM[sent[this email(1)['personal']]]>,,personal
21,3,"We sent you this email because you're signing up for a new NewsPost account with your email address, URL",url,,,,,,<[url[()[]]]>,,
22,3,"We sent you this email because you're signing up for a new NewsPost account with your email address, URL",signing,you,,0,,,<PERFORM[signing[you()[]]]>,,
23,3,Use the following verification code to complete registration:,use,the following verification code,to complete registration,,PERFORM,,<[Use[the following verification code()['privileged_information']]]>,X,privileged_information
24,3,Use the following verification code to complete registration:,following,verification code,,,,,<[following[verification code()['privileged_information']]]>,,privileged_information
25,3,Use the following verification code to complete registration:,complete,registration,,,,,<[complete[registration()[]]]>,,
26,3,15966,15966,,,,,,<[15966[()[]]]>,,
27,3,"Thanks,",thanks,,,,,,<[thanks[()[]]]>,,
28,3,NewsPost,newspost,,,,,,<[newspost[()[]]]>,,
29,3,We will never ask you for your password in an email.,ask,for your password,you,0.8,,,<PERFORM[NOT ask[for your password()['credentials']]]>,,credentials
30,3," If you don’t trust a link in an email, go directly to the normal sign in page via URL.",go,,,,,,<[go[()[]]]>,,
31,3," If you don’t trust a link in an email, go directly to the normal sign in page via URL.",do,,,,,,<[do[()[]]]>,,
32,3," If you don’t trust a link in an email, go directly to the normal sign in page via URL.",trust,a link in an email,,0.75,GIVE,,"<GIVE[NOT trust[a link in an email()['personal', 'phishing']]]>",,"personal,phishing"
33,4,School Employees:,employees,,,,,,<[employees[()[]]]>,,
34,4,Did you know that you may be able to get up to a 20% discount on your cell phone bill every month?,able,,,,,,<[able[()[]]]>,,
35,4,Did you know that you may be able to get up to a 20% discount on your cell phone bill every month?,be,you,able to get up to a 20 % discount on your cell phone bill every month,,,,<[be[you()['personal']]]>,,personal
36,4,Did you know that you may be able to get up to a 20% discount on your cell phone bill every month?,get,up to a 20 % discount on your cell phone bill,,0.9,,GAIN,<GAIN[get[up to a 20 % discount on your cell phone bill()['personal']]]>,,personal
37,4,"Click here to check your eligibility with Telcograph, DashNet, Altus Wireless and U.S. CellNet.",check,your eligibility,"with telcograph , dashnet , altus wireless and u.s. cellnet",0.9,PERFORM,,<PERFORM[check[your eligibility(0)[]]]>,X,
38,4,"If the link doesn't work, copy and paste the following into your browser:  URL",work,,,,,,<[NOT work[()[]]]>,,
39,4,"If the link doesn't work, copy and paste the following into your browser:  URL",copy,the following into your browser,,0.9,PERFORM,,<PERFORM[copy[the following into your browser(3)[]]]>,X,
40,4,"If the link doesn't work, copy and paste the following into your browser:  URL",paste,the following,into your browser,0.9,PERFORM,,<PERFORM[paste[the following(3)[]]]>,X,
41,4,"If the link doesn't work, copy and paste the following into your browser:  URL",following,,,,,,<[following[()[]]]>,,
42,4,"If the link doesn't work, copy and paste the following into your browser:  URL",url,,,,,,<[url[()[]]]>,,
43,4,"If the link doesn't work, copy and paste the following into your browser:  URL",does,,,,,,<[does[()[]]]>,,
44,4,"Best regards,",regards,,,,,,<[regards[()[]]]>,,
45,4,Richard,richard,,,,,,<[richard[()[]]]>,,
46,4,"P.S. To be notifed about similar discounts, sign up to receive free email alerts   here.",sign,to be notifed about similar discounts,,0.9,PERFORM,,<PERFORM[sign[to be notifed about similar discounts(1)[]]]>,X,
47,4,"P.S. To be notifed about similar discounts, sign up to receive free email alerts   here.",receive,free email alerts,,0.9,PERFORM,,<PERFORM[receive[free email alerts(1)['personal']]]>,X,personal
48,4,"P.S. To be notifed about similar discounts, sign up to receive free email alerts   here.",be,,,,,,<[be[()[]]]>,,
49,4,"P.S. To be notifed about similar discounts, sign up to receive free email alerts   here.",notifed,,,,,,<[notifed[()[]]]>,,
50,4,"P.S. To be notifed about similar discounts, sign up to receive free email alerts   here.",alerts,,,,,,<[alerts[(1)[]]]>,,
51,4,This is a complimentary informational service for school employees.,service,,,0,,,<GIVE[service[()[]]]>,,
52,4,This is a complimentary informational service for school employees.,is,this,a complimentary informational service for school employees,,,,<[is[this()[]]]>,,
53,4," If you would rather not receive this type of information, you may unsubscribe from further communications here, or simply reply with the word STOP in the subject line.",unsubscribe,from further communications,,0.9,PERFORM,,<PERFORM[unsubscribe[from further communications(2)[]]]>,,
54,4," If you would rather not receive this type of information, you may unsubscribe from further communications here, or simply reply with the word STOP in the subject line.",receive,this type of information,,0.7,,,<PERFORM[NOT receive[this type of information()[]]]>,,
55,4," If you would rather not receive this type of information, you may unsubscribe from further communications here, or simply reply with the word STOP in the subject line.",reply,with the word stop in the subject line,,0.8,PERFORM,,<PERFORM[reply[with the word stop in the subject line()['privileged_information']]]>,,privileged_information
56,4, Thank you for your time and service.,thank,you,for your time and service,,,,<[Thank[you()[]]]>,,
57,4," MED (MyEdDiscount), P.O. Box 9999, Springfield, MA",med,,,,,,<[med[()[]]]>,,
58,5,Larry,larry,,,,,,<[larry[()[]]]>,,
59,5,Hope you enjoy this BuyAmazing gift card!,hope,you enjoy this buyamazing gift card,,,,,<[Hope[you enjoy this buyamazing gift card()['scam_gift']]]>,,scam_gift
60,5,Hope you enjoy this BuyAmazing gift card!,enjoy,this buyamazing gift card,,,,GAIN,<[enjoy[this buyamazing gift card()['scam_gift']]]>,,scam_gift
61,5,Have a great birthday,have,a great birthday,,,,,<[Have[a great birthday()['personal_sensitive']]]>,,personal_sensitive
62,5,$250.00 ,250,,,,,,<[250.00[()[]]]>,,
63,5,$250.00 ,$,,,,,,<[$[()['finance_money']]]>,,finance_money
64,5,BuyAmazing.com Gift Card,card,,,,,,<[card[()[]]]>,,
65,5,Don't have an buyamazing account?,have,an buyamazing account,,,,,"<[NOT have[an buyamazing account()['finance_info', 'credentials']]]>",,"finance_info,credentials"
66,5, Sign-up to redeem.,sign-up,,,,PERFORM,,<[sign-up[()[]]]>,X,
67,5, Sign-up to redeem.,redeem,,,0,PERFORM,,<PERFORM[redeem[()[]]]>,,
68,5,Claim Code:,code,,,,,,<[code[()['privileged_information']]]>,,privileged_information
69,5,8JDK-DFS46W4VS3-54418,8jdk-dfs46w4vs3-54418,,,,,,<[8jdk-dfs46w4vs3-54418[()[]]]>,,
70,5,"Once applied to your buyamazing account, the entire amount will be added to your gift card balance.",added,the entire amount,to your gift card balance,,,,<[added[the entire amount()['scam_gift']]]>,,scam_gift
71,5,"Once applied to your buyamazing account, the entire amount will be added to your gift card balance.",applied,to your buyamazing account,,,,,"<[applied[to your buyamazing account()['finance_info', 'credentials']]]>",,"finance_info,credentials"
72,5,"Once applied to your buyamazing account, the entire amount will be added to your gift card balance.",be,,,,,,<[be[()[]]]>,,
73,5," Your gift card balance can't be transferred to other accounts, used to buy other gift cards, or, except as required by law, redeemed for cash.",be,,,,,,<[be[()[]]]>,,
74,5," Your gift card balance can't be transferred to other accounts, used to buy other gift cards, or, except as required by law, redeemed for cash.",used,your gift card balance,to buy other gift cards,,,,"<[used[your gift card balance()['scam_gift', 'scam_gift']]]>",,"scam_gift,scam_gift"
75,5," Your gift card balance can't be transferred to other accounts, used to buy other gift cards, or, except as required by law, redeemed for cash.",buy,other gift cards,,0.9,,GAIN,<GAIN[buy[other gift cards()['scam_gift']]]>,,scam_gift
76,5," Your gift card balance can't be transferred to other accounts, used to buy other gift cards, or, except as required by law, redeemed for cash.",required,,,,,,<[required[()[]]]>,,
77,5," Your gift card balance can't be transferred to other accounts, used to buy other gift cards, or, except as required by law, redeemed for cash.",redeemed,your gift card balance,,0,,,<PERFORM[redeemed[your gift card balance()['scam_gift']]]>,,scam_gift
78,5,Your gift card balance will be applied automatically to eligible orders during the checkout process or with the  BuyAmazing.com 1-Click® service.,applied,your gift card balance,to eligible orders,,,,<[applied[your gift card balance()['scam_gift']]]>,,scam_gift
79,5,Your gift card balance will be applied automatically to eligible orders during the checkout process or with the  BuyAmazing.com 1-Click® service.,be,,,,,,<[be[()[]]]>,,
80,5," If you don't want use your gift card balance on your order, you can unselect it as a payment method in checkout.",do,,,,PERFORM,,<[do[()[]]]>,X,
81,5," If you don't want use your gift card balance on your order, you can unselect it as a payment method in checkout.",want,use your gift card balance on your order,,0.75,,,<GIVE[NOT want[use your gift card balance on your order()['scam_gift']]]>,,scam_gift
82,5," If you don't want use your gift card balance on your order, you can unselect it as a payment method in checkout.",use,your gift card balance,,,,,<[use[your gift card balance()['scam_gift']]]>,,scam_gift
83,5,"If you experience any issues using your gift card, you can reference your gift card by providing the following information to customer service:",reference,your gift card,,0.9,PERFORM,,<PERFORM[reference[your gift card(3)['scam_gift']]]>,,scam_gift
84,5,"If you experience any issues using your gift card, you can reference your gift card by providing the following information to customer service:",experience,any issues using your gift card,,,,,<[experience[any issues using your gift card()['scam_gift']]]>,,scam_gift
85,5,"If you experience any issues using your gift card, you can reference your gift card by providing the following information to customer service:",using,your gift card,,,,,<[using[your gift card()['scam_gift']]]>,,scam_gift
86,5,"If you experience any issues using your gift card, you can reference your gift card by providing the following information to customer service:",providing,the following information,to customer service,0,PERFORM,,<PERFORM[providing[the following information()[]]]>,X,
87,5,"If you experience any issues using your gift card, you can reference your gift card by providing the following information to customer service:",following,information,,,,,<[following[information()[]]]>,,
88,5,Serial Number: 126598565131594 Order Number: 548-84159224-845169,number,,,,,,<[number[()[]]]>,,
89,5,Serial Number: 126598565131594 Order Number: 548-84159224-845169,number,,,,,,<[number[()[]]]>,,
90,5,Serial Number: 126598565131594 Order Number: 548-84159224-845169,548-84159224-845169,,,,,,<[548-84159224-845169[()[]]]>,,
91,5,"Sold by ACI Gift Cards, Inc., an buyamazing company.",sold,,,,,,<[Sold[()[]]]>,,
92,5, View  Terms and Conditions.,terms,,,,,,<[terms[()[]]]>,,
93,5, View  Terms and Conditions.,conditions,,,,,,<[conditions[()[]]]>,,
94,6,Did you send me the money?,send,the money,me,0.8,PERFORM,,<PERFORM[send[the money()['finance_money']]]>,X,finance_money
95,6, Do that before 9pm or you will lose money.,do,that,,,PERFORM,,<[Do[that()[]]]>,X,
96,6, Do that before 9pm or you will lose money.,lose,money,,0.9,,LOSE,<LOSE[lose[money()['finance_money']]]>,,finance_money
97,6," Right now you have won $1,000 dollars.",won,"$ 1,000 dollars",,0.9,,GAIN,"<GAIN[won[$ 1,000 dollars()['finance_money']]]>",,finance_money
98,6," Right now you have won $1,000 dollars.",have,,,,,,<[have[()[]]]>,,
99,6, So respond to me as soon as you can.,respond,to me,,0.7,PERFORM,,<PERFORM[respond[to me()[]]]>,X,
100,7,"Your dog could be a star with his photo featured in the pages of DogsAreFun magazine, on  URL and on our social pages!",star,,,,,,<[star[(11)[]]]>,,
101,7,"Your dog could be a star with his photo featured in the pages of DogsAreFun magazine, on  URL and on our social pages!",be,your dog,"a star with his photo featured in the pages of DogsAreFun magazine , on url and on our social pages",,,,"<[be[your dog()['personal', 'ideology']]]>",,"personal,ideology"
102,7,"Your dog could be a star with his photo featured in the pages of DogsAreFun magazine, on  URL and on our social pages!",featured,his photo,"in the pages of DogsAreFun magazine , on url and on our social pages",,,,<[featured[his photo()['personal']]]>,,personal
103,7," PLUS, your dog could win prizes from our sponsors: Properly Groomed Pets, Oraltene® Oral Care Products and Hug Pet Insurance.",win,prizes,from our sponsors,0.9,,GAIN,<GAIN[win[prizes()[]]]>,,
104,7," PLUS, your dog could win prizes from our sponsors: Properly Groomed Pets, Oraltene® Oral Care Products and Hug Pet Insurance.",pets,,,,,,<[pets[()[]]]>,,
105,7,This message is brought to you by a sponsor of,brought,this message,to you,0,,,<PERFORM[brought[this message()[]]]>,,
106,7,This message is brought to you by a sponsor of,is,,,,,,<[is[()[]]]>,,
107,7,DogsAreFun.com .,DogsAreFun.com,,,,,,<[DogsAreFun.com[()[]]]>,,
108,7,DogsAreFun’s Wagalicious Photo Contest,contest,,,,,,<[contest[()[]]]>,,
109,7,"Picture this: Enter for your chance to have your dog's photo featured in DogsAreFun magazine, on  URL and on our social pages!",this,,,,,,<[this[()[]]]>,,
110,7,"Picture this: Enter for your chance to have your dog's photo featured in DogsAreFun magazine, on  URL and on our social pages!",enter,,,,PERFORM,,<[Enter[()[]]]>,X,
111,7,"Picture this: Enter for your chance to have your dog's photo featured in DogsAreFun magazine, on  URL and on our social pages!",have,"your dog 's photo featured in DogsAreFun magazine , on url and on our social pages",,,,,"<[have[your dog 's photo featured in DogsAreFun magazine , on url and on our social pages(11)['personal', 'ideology']]]>",,"personal,ideology"
112,7,"Picture this: Enter for your chance to have your dog's photo featured in DogsAreFun magazine, on  URL and on our social pages!",featured,your dog 's photo,in DogsAreFun magazine,,,,"<[featured[your dog 's photo()['personal', 'ideology']]]>",,"personal,ideology"
113,7,"PLUS additional prizes from our sponsors:  Paw Cleaner,  Chomp Joy and  Morrie's Pet Galaxy.",plus,,,,,,<[plus[(1)[]]]>,,
114,7,BROUGHT TO YOU BY:,by,,,,,,<[by[()[]]]>,,
115,7,"Enter now through September 6, 2019!",enter,,,,PERFORM,,<[Enter[(4)[]]]>,,
116,7,Submit photo(s) of your dog(s) in any (or all!),submit,,,0,PERFORM,,<PERFORM[submit[()[]]]>,X,
117,7,Submit photo(s) of your dog(s) in any (or all!),all,,,,,,<[all[()[]]]>,,
118,7, of the following categories:,categories,,,,,,<[categories[()[]]]>,,
119,7, of the following categories:,following,categories,,,,,<[following[categories()[]]]>,,
120,7,Dirty Dog!,dog,,,,,,<[dog[()['ideology']]]>,,ideology
121,7, Presented by  Paw Cleaner,presented,,,0,,,<GIVE[Presented[(5)[]]]>,,
122,7,Get Your Tongue Out!,get,your tongue,,0.9,,GAIN,<GAIN[Get[your tongue()[]]]>,,
123,7, Presented by  Chomp Joy,presented,,,0,,,<GIVE[Presented[(6)[]]]>,,
124,7,Let Sleeping Dogs Lie Presented by  Morrie's Pet Galaxy,sleeping,dogs,,,,,<[Sleeping[dogs()[]]]>,,
125,7,"After you submit, we’ll pick finalists in each category.",pick,finalists in each category,,0.9,,GAIN,<GAIN[pick[finalists in each category()[]]]>,,
126,7,"After you submit, we’ll pick finalists in each category.",submit,,,0,PERFORM,,<PERFORM[submit[()[]]]>,X,
127,7, Users will vote on their favorites for three (3) total winners — one per category!,vote,on their favorites for three ( 3 ) total winners — one per category,,0.6,PERFORM,,<GIVE[vote[on their favorites for three ( 3 ) total winners — one per category()[]]]>,,
128,7, Users will vote on their favorites for three (3) total winners — one per category!,three,,,,,,<[three[()[]]]>,,
129,7, Users will vote on their favorites for three (3) total winners — one per category!,winners,,,,,,<[winners[()[]]]>,,
130,7,WHAT ARE YOU WAITING FOR?,are,,,,,,<[ARE[()[]]]>,,
131,7,WHAT ARE YOU WAITING FOR?,waiting,you,for,,,,<[WAITING[you()[]]]>,,
132,7,Submission period ends September 6.,ends,submission period,,,,,<[ends[submission period()[]]]>,,
133,7, Voting on finalists starts September 13.,starts,voting on finalists,,0.9,PERFORM,,<PERFORM[starts[voting on finalists(13)[]]]>,X,
134,7,© 2019 DogTown Media | All rights reserved.,reserved,all rights,,0.9,,,<GAIN[reserved[all rights()[]]]>,,
135,7,© 2019 DogTown Media | All rights reserved.,©,,,,,,<[©[()[]]]>,,
136,7,© 2019 DogTown Media | All rights reserved.,media,,,,,,<[media[()[]]]>,,
137,7,© 2019 DogTown Media | All rights reserved.,|,,,,,,<[|[()[]]]>,,
138,7,"999 Sycamore Blvd, Morristown, NJ",avenue,,,,,,<[avenue[()[]]]>,,
139,7,This email was intended for  URL,intended,for url,this email,,,,<[intended[for url()['personal']]]>,,personal
140,7,This email was intended for  URL,was,,,,,,<[was[()[]]]>,,
141,7,privacy policy |  unsubscribe |  view online,policy,,,,,,<[policy[(9)[]]]>,,
142,7,privacy policy |  unsubscribe |  view online,|,,,,,,<[|[(10)[]]]>,,
143,7,privacy policy |  unsubscribe |  view online,unsubscribe,,,,PERFORM,,<[unsubscribe[(10)[]]]>,X,
144,7,privacy policy |  unsubscribe |  view online,view,privacy policy,,0.9,PERFORM,,<PERFORM[view[privacy policy(8)[]]]>,X,
145,8,"Once your tax filing is done, you will receive assured rewards worth Rs 10,000 from your favorite brands like MakeATrip, Mintra, Pooma, SuburbanClip, and many more.",receive,"assured rewards worth rs 10,000","from your favorite brands like MakeATrip , Mintra , Pooma , SuburbanClip , and many more",0.7,,GAIN,"<PERFORM[receive[assured rewards worth rs 10,000()[]]]>",,
146,8,"Once your tax filing is done, you will receive assured rewards worth Rs 10,000 from your favorite brands like MakeATrip, Mintra, Pooma, SuburbanClip, and many more.",is,,,,,,<[is[()[]]]>,,
147,8,"Once your tax filing is done, you will receive assured rewards worth Rs 10,000 from your favorite brands like MakeATrip, Mintra, Pooma, SuburbanClip, and many more.",done,your tax filing,,,,,<[done[your tax filing()['finance_info']]]>,,finance_info
148,8,"Once your tax filing is done, you will receive assured rewards worth Rs 10,000 from your favorite brands like MakeATrip, Mintra, Pooma, SuburbanClip, and many more.",assured,,,,,,<[assured[()[]]]>,,
149,8,We are always happy to help you.,help,you,,0.7,,,<PERFORM[help[you()[]]]>,,
150,8,We are always happy to help you.,are,we,happy to help you,,,,<[are[we()[]]]>,,
151,8, Feel free to write to us at  supportTax@example.com for any queries.,free,,,0,,,<PERFORM[free[(0)[]]]>,,
152,8, Feel free to write to us at  supportTax@example.com for any queries.,write,to us,,,PERFORM,,<[write[to us()[]]]>,X,
153,8,Happy filing!,filing,,,,,,<[filing[()[]]]>,,
154,9,Hi Sarah,sarah,,,,,,<[sarah[()[]]]>,,
155,9,Send me your SSN number and you will get $10000,send,your ssn number,me,0.8,PERFORM,,<PERFORM[Send[your ssn number()['personal_sensitive']]]>,X,personal_sensitive
156,9,Send me your SSN number and you will get $10000,get,"$10,000 ",,0.9,,GAIN,<GAIN[get[$ 10000()['finance_money']]]>,,finance_money
157,9,Regards,regards,,,,,,<[regards[()[]]]>,,
158,9,P. Linden,liu,,,,,,<[liu[()[]]]>,,
159,10,"Dear Prof. Eric C. Johnson,",juarez,,,,,,<[juarez[()[]]]>,,
160,10,Invitation to Join Frontiers 2020 Conference Technical Committee,invitation,,,,,,<[invitation[()[]]]>,,
161,10,"On August 24-26, 2020 2nd International Conference on Frontiers of Information Studies (Frontiers 2020  www.FrontiersIS.org) will be held in London, UK.",held,2nd international conference on Frontiers of Information Studies ( Frontiers 2020 www.FrontiersIS.org ),,,,,<[held[2nd international conference on Frontiers of Information Studies ( Frontiers 2020 www.FrontiersIS.org )()[]]]>,,
162,10,"On August 24-26, 2020 2nd International Conference on Frontiers of Information Studies (Frontiers 2020  www.FrontiersIS.org) will be held in London, UK.",be,,,,,,<[be[()[]]]>,,
163,10," The conference is organized by IntSciEng (International Science and Engineering Academy,  www.IntSciEng.org) and technical supported by many universities and institutes.",organized,the conference,,,,,<[organized[the conference()[]]]>,,
164,10," The conference is organized by IntSciEng (International Science and Engineering Academy,  www.IntSciEng.org) and technical supported by many universities and institutes.",is,,,,,,<[is[()[]]]>,,
165,10," The conference is organized by IntSciEng (International Science and Engineering Academy,  www.IntSciEng.org) and technical supported by many universities and institutes.",supported,technical,,0,,,<PERFORM[supported[technical()[]]]>,,
166,10, All over the world are to take part in this conference.,take,part,,0.7,PERFORM,,<PERFORM[take[part()[]]]>,,
167,10," Own to your expertise, and on behalf of the organizing committee of IntSciEng, we would like to invite you to join Frontiers 2020 Technical Committee.",own,,,,,,<[own[()[]]]>,,
168,10," Own to your expertise, and on behalf of the organizing committee of IntSciEng, we would like to invite you to join Frontiers 2020 Technical Committee.",invite,you,to join Frontiers 2020 technical committee,,,,<[invite[you()[]]]>,,
169,10," Own to your expertise, and on behalf of the organizing committee of IntSciEng, we would like to invite you to join Frontiers 2020 Technical Committee.",organizing,,,,,,<[organizing[()[]]]>,,
170,10," Own to your expertise, and on behalf of the organizing committee of IntSciEng, we would like to invite you to join Frontiers 2020 Technical Committee.",join,Frontiers 2020 technical committee,,,PERFORM,,<[join[Frontiers 2020 technical committee()[]]]>,X,
171,10,Your expertise and experience are crucial elements to the success of our conference.,elements,,,,,,<[elements[()[]]]>,,
172,10,Your expertise and experience are crucial elements to the success of our conference.,are,your expertise and experience,crucial elements to the success of our conference,,,,<[are[your expertise and experience()[]]]>,,
173,10, By joining our conference committee you’ll enjoy the benefits of networking with fellow scientists and engineers and get special access to the many exclusive member-only services.,enjoy,the benefits of networking with fellow scientists and engineers,,,,GAIN,<[enjoy[the benefits of networking with fellow scientists and engineers()[]]]>,,
174,10, By joining our conference committee you’ll enjoy the benefits of networking with fellow scientists and engineers and get special access to the many exclusive member-only services.,joining,our conference committee,,,PERFORM,,<[joining[our conference committee()[]]]>,,
175,10, By joining our conference committee you’ll enjoy the benefits of networking with fellow scientists and engineers and get special access to the many exclusive member-only services.,networking,with fellow scientists and engineers,,,,GAIN,<[networking[with fellow scientists and engineers()[]]]>,,
176,10, By joining our conference committee you’ll enjoy the benefits of networking with fellow scientists and engineers and get special access to the many exclusive member-only services.,get,special access,to the many exclusive member - only services,0.9,,GAIN,<GAIN[get[special access()[]]]>,,
177,10, We value your participation in joining us to shape and contribute to the conference and the overall field.,value,your participation in joining us to shape and contribute to the conference and the overall field,,0.7,,,<PERFORM[value[your participation in joining us to shape and contribute to the conference and the overall field()[]]]>,,
178,10, We value your participation in joining us to shape and contribute to the conference and the overall field.,joining,us,,,PERFORM,,<[joining[us()[]]]>,,
179,10, We value your participation in joining us to shape and contribute to the conference and the overall field.,shape,to the conference and the overall field,,,,,<[shape[to the conference and the overall field()[]]]>,,
180,10, We value your participation in joining us to shape and contribute to the conference and the overall field.,contribute,to the conference and the overall field,,0.6,GIVE,,<GIVE[contribute[to the conference and the overall field()[]]]>,,
181,10,Technical Committee can enjoy the benefits we offer below:,enjoy,the benefits we offer below,,,,GAIN,<[enjoy[the benefits we offer below()['business']]]>,,business
182,10,Technical Committee can enjoy the benefits we offer below:,offer,the benefits,,0.75,,,<GIVE[offer[the benefits()['business']]]>,,business
183,10,1,1,,,,,,<[1[()[]]]>,,
184,10,"       Join the conference editorial board, Review and asses the contents and quality of submissions.",join,the conference editorial board,,,PERFORM,,<[Join[the conference editorial board()[]]]>,X,
185,10,"       Join the conference editorial board, Review and asses the contents and quality of submissions.",asses,the contents and quality of submissions,,,PERFORM,,<[asses[the contents and quality of submissions()[]]]>,,
186,10,2,2,,,,,,<[2[()[]]]>,,
187,10,       100 USD off the conference registration fee.,usd,,,,,,<[usd[()[]]]>,,
188,10,3,3,,,,,,<[3[()[]]]>,,
189,10,"       Souvenirs, coffee breaks, lunch and dinner offered on conference site.",offered,"souvenirs , coffee breaks , lunch and dinner",,0,,GAIN,"<GIVE[offered[souvenirs , coffee breaks , lunch and dinner()[]]]>",,
190,10,4,4,,,,,,<[4[()[]]]>,,
191,10,       Conference committee certificate or other materials.,certificate,,,,,,<[certificate[()[]]]>,,
192,10,       Conference committee certificate or other materials.,materials,,,,,,<[materials[()[]]]>,,
193,10,5,5,,,,,,<[5[()[]]]>,,
194,10,       Open a tutorial with privilege.,open,a tutorial,,0.9,PERFORM,,<PERFORM[Open[a tutorial(2)[]]]>,X,
195,10,6,6,,,,,,<[6[()[]]]>,,
196,10,       Icebreaker reception and other services on Aug. 24.,reception,,,0,,,<PERFORM[reception[()[]]]>,,
197,10,       Icebreaker reception and other services on Aug. 24.,services,,,0,,,<GIVE[services[()[]]]>,,
198,10,7,7,,,,,,<[7[()[]]]>,,
199,10,       Promote your book during the event.,promote,your book,,,,GAIN,<[Promote[your book()[]]]>,,
200,10,"The conference website:  www.FrontiersIS.org Venue: London, UK",website,,,,,,<[website[(2)[]]]>,,
201,10,"The conference website:  www.FrontiersIS.org Venue: London, UK",venue,,,,,,<[venue[()[]]]>,,
202,10,"If you agree to join our committee, please kindly confirm with us via this email and send back a latest resume  as well as an official photo (for dcumentary use).",confirm,with us,kindly via this email,0.8,PERFORM,,<PERFORM[confirm[with us()['personal']]]>,X,personal
203,10,"If you agree to join our committee, please kindly confirm with us via this email and send back a latest resume  as well as an official photo (for dcumentary use).",send,a latest resume as well as an official photo ( for dcumentary use ),,0.9,PERFORM,,<PERFORM[send[a latest resume as well as an official photo ( for dcumentary use )(5)['personal']]]>,X,personal
204,10,"If you agree to join our committee, please kindly confirm with us via this email and send back a latest resume  as well as an official photo (for dcumentary use).",agree,to join our committee,,,,,<[agree[to join our committee()[]]]>,,
205,10,"If you agree to join our committee, please kindly confirm with us via this email and send back a latest resume  as well as an official photo (for dcumentary use).",join,our committee,,,PERFORM,,<[join[our committee()[]]]>,,
206,10,"If you agree to join our committee, please kindly confirm with us via this email and send back a latest resume  as well as an official photo (for dcumentary use).",please,,,,,,<[please[()[]]]>,,
207,10,"If you agree to join our committee, please kindly confirm with us via this email and send back a latest resume  as well as an official photo (for dcumentary use).",resume,,,,,,<[resume[()[]]]>,,
208,10,Thank you for considering our invitation.,thank,you,for considering our invitation,,,,<[Thank[you()[]]]>,,
209,10,Thank you for considering our invitation.,considering,our invitation,,0,PERFORM,,<PERFORM[considering[our invitation()[]]]>,,
210,10," If you have any questions, I can be reached at +999-499-9939 or at  confcommittee@IntSciEng.org",reached,i,,0.9,PERFORM,,<GAIN[reached[i(3)[]]]>,X,
211,10," If you have any questions, I can be reached at +999-499-9939 or at  confcommittee@IntSciEng.org",have,any questions,,,,,<[have[any questions()[]]]>,,
212,10," If you have any questions, I can be reached at +999-499-9939 or at  confcommittee@IntSciEng.org",be,,,,,,<[be[()[]]]>,,
213,10,Looking forward to your reply.,looking,to your reply,,0,,,<PERFORM[Looking[to your reply()[]]]>,,
214,10,Best regards.,regards,,,,,,<[regards[()[]]]>,,
215,10,--,--,,,,,,<[--[()[]]]>,,
216,10,"Sincerely,",sincerely,,,,,,<[sincerely[()[]]]>,,
217,10,Sharon M Teller,tsui,,,,,,<[tsui[()[]]]>,,
218,10,Conference Managing Director,conference,,,,,,<[conference[()[]]]>,,
219,10,www.IntSciEng.org,www.IntSciEng.org,,,,,,<[www.IntSciEng.org[()[]]]>,,
220,10,"Flat/rm Goldfarb International Tower 999 Ridge Blvd, London",flat/rm,,,,,,<[flat/rm[()[]]]>,,
221,10,Email:   confcommittee@IntSciEng.org;,email,,,,,,<[email[()['personal']]]>,,personal
222,10,Email:   confcommittee@IntSciEng.org;,confcommittee@IntSciEng.org,,,,,,<[confcommittee@IntSciEng.org[()[]]]>,,
223,10,Tel:+999-4999939,tel,,,,,,<[tel[()[]]]>,,
224,10,Tel:+999-4999939,-30695971,,,,,,<[-4999939[()[]]]>,,
225,11,Break into headquarters and hack the gibson.,break,into headquarters,,,,,<[Break[into headquarters()[]]]>,,
226,11,Break into headquarters and hack the gibson.,hack,the gibson,,,,,<[hack[the gibson()[]]]>,,
227,12,Just checking in.,checking,,,0,,,<PERFORM[checking[()[]]]>,,
228,12, How are things?,are,things,how,,,,<[are[things()[]]]>,,
229,12, Did you give Sally her gift yet?,give,her gift,sally,0.75,GIVE,,<GIVE[give[her gift()['scam_gift']]]>,X,scam_gift
230,12, You should do that.,do,that,,,PERFORM,,<[do[that()[]]]>,X,
231,13,Pet owners worldwide trust Bioflow magnetic therapy as an alternative to traditional medicine.,owners,,,,,,<[owners[()[]]]>,,
232,13,Pet owners worldwide trust Bioflow magnetic therapy as an alternative to traditional medicine.,therapy,,,,,,<[therapy[()[]]]>,,
233,13,This message is brought to you by a sponsor of  DogsAreFun.com,brought,this message,to you,0,,,<PERFORM[brought[this message(0)[]]]>,,
234,13,This message is brought to you by a sponsor of  DogsAreFun.com,is,,,,,,<[is[()[]]]>,,
235,13,DogsAreFun,DogsAreFun,,,,,,<[DogsAreFun[()[]]]>,,
236,13,29-Aug-19,august,,,,,,<[august[()[]]]>,,
237,13,Forward To A Friend,forward,,,0,GIVE,,<GIVE[forward[(2)[]]]>,X,
238,13,You've received this email as part of your free DogsAreFun email subscription.,received,this email,,0,,,<PERFORM[received[this email()['personal']]]>,,personal
239,13,privacy policy |  unsubscribe |  view online,policy,,,,,,<[policy[(4)[]]]>,,
240,13,privacy policy |  unsubscribe |  view online,|,,,,,,<[|[(5)[]]]>,,
241,13,privacy policy |  unsubscribe |  view online,unsubscribe,,,,PERFORM,,<[unsubscribe[(5)[]]]>,X,
242,13,privacy policy |  unsubscribe |  view online,view,privacy policy,,0.9,PERFORM,,<PERFORM[view[privacy policy(3)[]]]>,X,
243,13,© 2019 DogTown Media | All rights reserved.,reserved,all rights,,0.9,,,<GAIN[reserved[all rights()[]]]>,,
244,13,© 2019 DogTown Media | All rights reserved.,©,,,,,,<[©[()[]]]>,,
245,13,© 2019 DogTown Media | All rights reserved.,media,,,,,,<[media[()[]]]>,,
246,13,© 2019 DogTown Media | All rights reserved.,|,,,,,,<[|[()[]]]>,,
247,13," 999 Sycamore Blvd, Morristown, NJ",avenue,,,,,,<[avenue[()[]]]>,,
248,14,Are you :,are,you,,,,,<[Are[you()[]]]>,,
249,14,Professor,professor,,,,,,<[professor[()[]]]>,,
250,14,Dean of Sciences,dean,,,,,,<[dean[()[]]]>,,
251,14,Dean of Sciences,sciences,,,,,,<[sciences[()[]]]>,,
252,14,E-mail:smith@example.com,e-mail,,,0,PERFORM,,<PERFORM[e-mail[()['personal']]]>,X,personal
253,14,E-mail:smith@example.com,smith@example.com,,,,,,<[smith@example.com[()[]]]>,,
254,14,Phone:,phone,,,0,PERFORM,,<PERFORM[phone[()['personal']]]>,X,personal
255,14,(999)2293999,#NAME?,,,,,,<[-lrb-999-rrb-3993999[()[]]]>,,
256,14,Location:,location,,,,,,<[location[()[]]]>,,
257,14,Building 200,building,,,,,,<[building[()['privileged_information']]]>,,privileged_information
258,15,Limited-time only.,limited-time,,,,,,<[limited-time[()[]]]>,,
259,15,Black Friday starts now!,starts,black friday,,0.7,,,<PERFORM[starts[black friday()[]]]>,,
260,15,Introducing GoodlySearch Home and ViewToob Red,introducing,,,,,,<[introducing[()[]]]>,,
261,15,GET IT NOW  >>,get,it,,0.9,,GAIN,<GAIN[GET[it()[]]]>,,
262,15,GET IT NOW  >>,>>,,,,,,<[>>[()[]]]>,,
263,15,* Restrictions apply.,apply,restrictions,,,,,<[apply[restrictions()['phishing']]]>,,phishing
264,15,* Restrictions apply.,*,,,,,,<[*[()[]]]>,,
265,15,"For a limited time, get GoodlySearch Home for only $99 (regularly $129).",get,goodlysearch home,,0.9,,GAIN,<GAIN[get[goodlysearch home()[]]]>,,
266,15, It’s powered by the GoodlySearch Assistant.,powered,it,,,,,<[powered[it()[]]]>,,
267,15, Ask it questions.,questions,,,,PERFORM,,<[questions[()[]]]>,X,
268,15, Tell it to play music.,play,music,,,PERFORM,,<[play[music()[]]]>,X,
269,15," It’s your own GoodlySearch, always ready to help.And your GoodlySearch Home purchase includes 6 free months of ViewToob Red.",includes,6 free months of viewtoob red,your goodlysearch home purchase,,,,<[includes[6 free months of viewtoob red()[]]]>,,
270,15," Together, ViewToob Red and GoodlySearch Home are an awesome way to play music from ViewToob at home—just by using your voice!Don’t miss out on this Black Friday special.",way,,,,,,<[way[()[]]]>,,
271,15," Together, ViewToob Red and GoodlySearch Home are an awesome way to play music from ViewToob at home—just by using your voice!Don’t miss out on this Black Friday special.",are,viewtoob red and goodlysearch home,an awesome way to play music from viewtoob at home — just by using your voice!don’t miss out on this black friday special,,,,<[are[viewtoob red and goodlysearch home()[]]]>,,
272,15," Together, ViewToob Red and GoodlySearch Home are an awesome way to play music from ViewToob at home—just by using your voice!Don’t miss out on this Black Friday special.",play,music from viewtoob,,,,,<[play[music from viewtoob()[]]]>,,
273,15," Together, ViewToob Red and goodlysearch Home are an awesome way to play music from ViewToob at home—just by using your voice!Don’t miss out on this Black Friday special.",using,your,,,,,<[using[your()[]]]>,,
274,15," Together, ViewToob Red and goodlysearch Home are an awesome way to play music from ViewToob at home—just by using your voice!Don’t miss out on this Black Friday special.",miss,on this black friday special,,,,,<[miss[on this black friday special()[]]]>,,
275,15,GET IT NOW  >>,get,it,,0.9,,GAIN,<GAIN[GET[it()[]]]>,,
276,15,GET IT NOW  >>,>>,,,,,,<[>>[()[]]]>,,
277,15,*Offer Restrictions: New members only.,restrictions,,,,,,<[restrictions[()[]]]>,,
278,15,*Offer Restrictions: New members only.,*,,,,,,<[*[()[]]]>,,
279,15,*Offer Restrictions: New members only.,members,,,,,,<[members[()[]]]>,,
280,15, GoodlySearch Home discount available through 11/28/2016.,available,,,,,,<[available[()[]]]>,,
281,15, ViewToob Red 6-month free offer must be redeemed before 12/31/2016.,redeemed,viewtoob red 6-month free offer,,0,PERFORM,,<PERFORM[redeemed[viewtoob red 6-month free offer()['business']]]>,X,business
282,15, ViewToob Red 6-month free offer must be redeemed before 12/31/2016.,be,,,,,,<[be[()[]]]>,,
283,15,  Terms apply.,apply,terms,,,,,<[apply[terms()['phishing']]]>,,phishing
284,15,"© 2016 ViewToob, 200 Oak Tree Lane, Los Feliz, Ca   This email was sent to  john.smith@example.com because you indicated that you are willing to receive emails about general updates, announcements, and videos.",was,,,,,,<[was[()[]]]>,,
285,15,"© 2016 ViewToob, 200 Oak Tree Lane, Los Feliz, Ca   This email was sent to  john.smith@example.com because you indicated that you are willing to receive emails about general updates, announcements, and videos.",indicated,"that you are willing to receive emails about general updates , announcements , and videos",,,,,"<[indicated[that you are willing to receive emails about general updates , announcements , and videos()[]]]>",,
286,15,"© 2016 ViewToob, 200 Oak Tree Lane, Los Feliz, Ca   This email was sent to  john.smith@example.com because you indicated that you are willing to receive emails about general updates, announcements, and videos.",are,you,"willing to receive emails about general updates , announcements , and videos",,,,<[are[you()[]]]>,,
287,15,"© 2016 ViewToob, 200 Oak Tree Lane, Los Feliz, Ca   This email was sent to  john.smith@example.com because you indicated that you are willing to receive emails about general updates, announcements, and videos.",receive,"emails about general updates , announcements , and videos",,0.7,PERFORM,,"<PERFORM[receive[emails about general updates , announcements , and videos()[]]]>",,
288,15," If you do not wish to receive such emails in the future, please unsubscribe  here.",do,,,,,,<[do[()[]]]>,,
289,15," If you do not wish to receive such emails in the future, please unsubscribe  here.",wish,to receive such emails in the future,,,,,<[NOT wish[to receive such emails in the future()[]]]>,,
290,15," If you do not wish to receive such emails in the future, please unsubscribe  here.",receive,such emails,,0.7,,,<PERFORM[receive[such emails()[]]]>,,
291,15, You can also change your preferences by visiting your  Email Options in your ViewToob account at  www.ViewToob.com/accountnotifications.,change,your preferences,,,PERFORM,,"<[change[your preferences(5,6)[]]]>",X,
292,15, You can also change your preferences by visiting your  Email Options in your ViewToob account at  www.ViewToob.com/accountnotifications.,visiting,your email options,,0,PERFORM,,"<PERFORM[visiting[your email options(5,6,6)['personal']]]>",X,personal
293,16,"Hi,",hi,,,,,,<[hi[()[]]]>,,
294,16,Hope you are doing well!,hope,you are doing well,,,,,<[Hope[you are doing well()[]]]>,,
295,16,Hope you are doing well!,are,,,,,,<[are[()[]]]>,,
296,16,Hope you are doing well!,doing,,,,,,<[doing[()[]]]>,,
297,16,I am writing this email to request for your kind revert on our previous email.,writing,this email,,,,,<[writing[this email()['personal']]]>,,personal
298,16,I am writing this email to request for your kind revert on our previous email.,am,,,,,,<[am[()[]]]>,,
299,16,I am writing this email to request for your kind revert on our previous email.,revert,,,,PERFORM,,<[revert[()[]]]>,X,
300,16,"Regards,",regards,,,,,,<[regards[()[]]]>,,
301,16,John  Walker,walker,,,,,,<[walker[()[]]]>,,
302,17,"Dear Friend,",friend,,,,,,<[friend[()[]]]>,,
303,17,I am a banker by profession from Burkina-Faso in West Africa and currently holding the post of Manager of bill and exchange at the foreign remittance department of a Bank located Burkina Faso.,banker,,,,,,<[banker[()[]]]>,,
304,17,I am a banker by profession from Burkina-Faso in West Africa and currently holding the post of Manager of bill and exchange at the foreign remittance department of a Bank located Burkina Faso.,holding,the post of manager of bill and exchange at the foreign remittance department of a bank located burkina faso,,,,,<[holding[the post of manager of bill and exchange at the foreign remittance department of a bank located burkina faso()['finance_info']]]>,,finance_info
305,17,I am a banker by profession from Burkina-Faso in West Africa and currently holding the post of Manager of bill and exchange at the foreign remittance department of a Bank located Burkina Faso.,am,i,a banker by profession from burkina - faso in west africa,,,,<[am[i()[]]]>,,
306,17, I have the opportunity of transferring the abandon funds ($31.5 Million USD) of one of my banks client who died along with his entire family on 6th December 2003 in a plane crash.,have,the opportunity of transferring the abandon funds ( $ 31.5 million usd ) of one of my banks client who died along with his entire family on 6th december 2003 in a plane crash,,,,,<[have[the opportunity of transferring the abandon funds ( $ 31.5 million usd ) of one of my banks client who died along with his entire family on 6th december 2003 in a plane crash()['finance_money']]]>,,finance_money
307,17, I have the opportunity of transferring the abandon funds ($31.5 Million USD) of one of my banks client who died along with his entire family on 6th December 2003 in a plane crash.,transferring,the abandon funds ( $ 31.5 million usd ) of one of my banks client who died along with his entire family on 6th december 2003 in a plane crash,,0,,GAIN,<GIVE[transferring[the abandon funds ( $ 31.5 million usd ) of one of my banks client who died along with his entire family on 6th december 2003 in a plane crash()['finance_money']]]>,,finance_money
308,17, I have the opportunity of transferring the abandon funds ($31.5 Million USD) of one of my banks client who died along with his entire family on 6th December 2003 in a plane crash.,abandon,,,0.9,,,<LOSE[abandon[()[]]]>,,
309,17, I have the opportunity of transferring the abandon funds ($31.5 Million USD) of one of my banks client who died along with his entire family on 6th December 2003 in a plane crash.,died,my banks client,,0.9,,,<LOSE[died[my banks client()[]]]>,,
310,17,"Since we got information about his death, we have been expecting his next of kin to come over and claim his money because we cannot release it unless somebody applies for as next of kin or relation to the deceased as indicated in our banking guidelines but unfortunately we learnt that all his supposed next of kin or relation died alongside with him at the plane crash leaving nobody behind for the claim.",got,information about his death,,0.9,,,<GAIN[got[information about his death()[]]]>,,
311,17,"Since we got information about his death, we have been expecting his next of kin to come over and claim his money because we cannot release it unless somebody applies for as next of kin or relation to the deceased as indicated in our banking guidelines but unfortunately we learnt that all his supposed next of kin or relation died alongside with him at the plane crash leaving nobody behind for the claim.",have,,,,,,<[have[()[]]]>,,
312,17,"Since we got information about his death, we have been expecting his next of kin to come over and claim his money because we cannot release it unless somebody applies for as next of kin or relation to the deceased as indicated in our banking guidelines but unfortunately we learnt that all his supposed next of kin or relation died alongside with him at the plane crash leaving nobody behind for the claim.",been,,,,,,<[been[()[]]]>,,
313,17,"Since we got information about his death, we have been expecting his next of kin to come over and claim his money because we cannot release it unless somebody applies for as next of kin or relation to the deceased as indicated in our banking guidelines but unfortunately we learnt that all his supposed next of kin or relation died alongside with him at the plane crash leaving nobody behind for the claim.",come,his next of kin,,,,,<[come[his next of kin()[]]]>,,
314,17,"Since we got information about his death, we have been expecting his next of kin to come over and claim his money because we cannot release it unless somebody applies for as next of kin or relation to the deceased as indicated in our banking guidelines but unfortunately we learnt that all his supposed next of kin or relation died alongside with him at the plane crash leaving nobody behind for the claim.",claim,his money,,,,GAIN,<[claim[his money()['finance_money']]]>,,finance_money
315,17,"Since we got information about his death, we have been expecting his next of kin to come over and claim his money because we cannot release it unless somebody applies for as next of kin or relation to the deceased as indicated in our banking guidelines but unfortunately we learnt that all his supposed next of kin or relation died alongside with him at the plane crash leaving nobody behind for the claim.",release,it,,,,,<[NOT release[it()[]]]>,,
316,17,"Since we got information about his death, we have been expecting his next of kin to come over and claim his money because we cannot release it unless somebody applies for as next of kin or relation to the deceased as indicated in our banking guidelines but unfortunately we learnt that all his supposed next of kin or relation died alongside with him at the plane crash leaving nobody behind for the claim.",applies,for as next of kin or relation to the deceased,,,,,<[applies[for as next of kin or relation to the deceased()[]]]>,,
317,17,"Since we got information about his death, we have been expecting his next of kin to come over and claim his money because we cannot release it unless somebody applies for as next of kin or relation to the deceased as indicated in our banking guidelines but unfortunately we learnt that all his supposed next of kin or relation died alongside with him at the plane crash leaving nobody behind for the claim.",deceased,,,,,,<[deceased[()[]]]>,,
318,17,"Since we got information about his death, we have been expecting his next of kin to come over and claim his money because we cannot release it unless somebody applies for as next of kin or relation to the deceased as indicated in our banking guidelines but unfortunately we learnt that all his supposed next of kin or relation died alongside with him at the plane crash leaving nobody behind for the claim.",indicated,,,,,,<[indicated[()[]]]>,,
319,17,"Since we got information about his death, we have been expecting his next of kin to come over and claim his money because we cannot release it unless somebody applies for as next of kin or relation to the deceased as indicated in our banking guidelines but unfortunately we learnt that all his supposed next of kin or relation died alongside with him at the plane crash leaving nobody behind for the claim.",learnt,that all his supposed next of kin or relation died alongside with him at the plane crash leaving nobody behind for the claim,,,,,<[learnt[that all his supposed next of kin or relation died alongside with him at the plane crash leaving nobody behind for the claim()[]]]>,,
320,17,"Since we got information about his death, we have been expecting his next of kin to come over and claim his money because we cannot release it unless somebody applies for as next of kin or relation to the deceased as indicated in our banking guidelines but unfortunately we learnt that all his supposed next of kin or relation died alongside with him at the plane crash leaving nobody behind for the claim.",supposed,next,,,,,<[supposed[next()[]]]>,,
321,17,"Since we got information about his death, we have been expecting his next of kin to come over and claim his money because we cannot release it unless somebody applies for as next of kin or relation to the deceased as indicated in our banking guidelines but unfortunately we learnt that all his supposed next of kin or relation died alongside with him at the plane crash leaving nobody behind for the claim.",died,all his supposed next of kin or relation,,0.9,,,<LOSE[died[all his supposed next of kin or relation()[]]]>,,
322,17,"Since we got information about his death, we have been expecting his next of kin to come over and claim his money because we cannot release it unless somebody applies for as next of kin or relation to the deceased as indicated in our banking guidelines but unfortunately we learnt that all his supposed next of kin or relation died alongside with him at the plane crash leaving nobody behind for the claim.",leaving,nobody,for the claim,0,,,<GIVE[leaving[nobody()[]]]>,,
323,17,"The Banking law and guideline here stipulates that if such money remained unclaimed after Eight to Nine years an above, the money will be transferred into the Bank treasury as unclaimed fund.",transferred,the money,into the bank treasury,0,,,"<GIVE[transferred[the money()['finance_money', 'finance_info']]]>",,"finance_money,finance_info"
324,17,"The Banking law and guideline here stipulates that if such money remained unclaimed after Eight to Nine years an above, the money will be transferred into the Bank treasury as unclaimed fund.",remained,such money,,,,,<[remained[such money()['finance_money']]]>,,finance_money
325,17,"The Banking law and guideline here stipulates that if such money remained unclaimed after Eight to Nine years an above, the money will be transferred into the Bank treasury as unclaimed fund.",be,,,,,,<[be[()[]]]>,,
326,17," I agree that 40 % of this money will be for you as foreign partner in respect to the provision of a foreign account, and while 60 %would be for me.",agree,"that 40 % of this money will be for you as foreign partner in respect to the provision of a foreign account , and while 60 % would be for me",,,,,"<[agree[that 40 % of this money will be for you as foreign partner in respect to the provision of a foreign account , and while 60 % would be for me()['finance_money', 'finance_info', 'credentials']]]>",,"finance_money,finance_info,credentials"
327,17," I agree that 40 % of this money will be for you as foreign partner in respect to the provision of a foreign account, and while 60 %would be for me.",you,,,,,,<[you[()[]]]>,,
328,17," I agree that 40 % of this money will be for you as foreign partner in respect to the provision of a foreign account, and while 60 %would be for me.",be,60%,for me,,,,<[be[60 %()[]]]>,,
329,17," I agree that 40 % of this money will be for you as foreign partner in respect to the provision of a foreign account, and while 60 %would be for me.",be,60%,for me,,,,<[be[60 %()[]]]>,,
330,17,There after I will visit your country for disbursement according to the percentages indicated.,there,,,,,,<[there[()[]]]>,,
331,17,There after I will visit your country for disbursement according to the percentages indicated.,visit,your country,,0.7,,,<PERFORM[visit[your country()[]]]>,,
332,17,There after I will visit your country for disbursement according to the percentages indicated.,according,,,,,,<[according[()[]]]>,,
333,17,There after I will visit your country for disbursement according to the percentages indicated.,indicated,the percentages,,,,,<[indicated[the percentages()[]]]>,,
334,17," Therefore to enable the immediate transfer of this fund to you as arranged, you must apply first to the bank as relations or next of kin of the deceased indicating your bank name, your bank account number, your private telephone and fax number for easy and effective communication and location where the money will be remitted.",apply,to the bank,,,PERFORM,,"<[apply[to the bank()['finance_info', 'phishing']]]>",X,"finance_info,phishing"
335,17," Therefore to enable the immediate transfer of this fund to you as arranged, you must apply first to the bank as relations or next of kin of the deceased indicating your bank name, your bank account number, your private telephone and fax number for easy and effective communication and location where the money will be remitted.",enable,the immediate transfer of this fund,to you,,,,<[enable[the immediate transfer of this fund()['finance_info']]]>,,finance_info
336,17," Therefore to enable the immediate transfer of this fund to you as arranged, you must apply first to the bank as relations or next of kin of the deceased indicating your bank name, your bank account number, your private telephone and fax number for easy and effective communication and location where the money will be remitted.",arranged,,,0,,,<PERFORM[arranged[()[]]]>,,
337,17," Therefore to enable the immediate transfer of this fund to you as arranged, you must apply first to the bank as relations or next of kin of the deceased indicating your bank name, your bank account number, your private telephone and fax number for easy and effective communication and location where the money will be remitted.",indicating,"your bank name , your bank account number , your private telephone and fax number for easy and effective communication and location where the money will be remitted",,,PERFORM,,"<[indicating[your bank name , your bank account number , your private telephone and fax number for easy and effective communication and location where the money will be remitted()['finance_money', 'finance_info', 'credentials']]]>",X,"finance_money,finance_info,credentials"
338,17," Therefore to enable the immediate transfer of this fund to you as arranged, you must apply first to the bank as relations or next of kin of the deceased indicating your bank name, your bank account number, your private telephone and fax number for easy and effective communication and location where the money will be remitted.",be,,,,,,<[be[()[]]]>,,
339,17," Therefore to enable the immediate transfer of this fund to you as arranged, you must apply first to the bank as relations or next of kin of the deceased indicating your bank name, your bank account number, your private telephone and fax number for easy and effective communication and location where the money will be remitted.",remitted,the money,,0,,GAIN,<GIVE[remitted[the money()['finance_money']]]>,,finance_money
340,17," Upon receipt of your reply, I will send to you by fax or email the text of the application.",send,to you,by fax,0.7,,,<PERFORM[send[to you()[]]]>,,
341,17," Upon receipt of your reply, I will send to you by fax or email the text of the application.",email,the text of the application,,,,,<[email[the text of the application()['personal']]]>,,personal
342,17, I will not fail to bring to your notice that this transaction is hitch free and that you should no entertain any atom of fear as all required arrangements have been made for the transfer.,bring,that this transaction is hitch free,to your notice,0.8,,,<PERFORM[bring[that this transaction is hitch free()['finance_info']]]>,,finance_info
343,17, I will not fail to bring to your notice that this transaction is hitch free and that you should no entertain any atom of fear as all required arrangements have been made for the transfer.,is,this transaction,hitch free,,,,<[is[this transaction()['finance_info']]]>,,finance_info
344,17, I will not fail to bring to your notice that this transaction is hitch free and that you should no entertain any atom of fear as all required arrangements have been made for the transfer.,entertain,atom,,,,,<[NOT entertain[atom()[]]]>,,
345,17, I will not fail to bring to your notice that this transaction is hitch free and that you should no entertain any atom of fear as all required arrangements have been made for the transfer.,required,arrangements,,,,,<[required[arrangements()[]]]>,,
346,17, I will not fail to bring to your notice that this transaction is hitch free and that you should no entertain any atom of fear as all required arrangements have been made for the transfer.,have,,,,,,<[have[()[]]]>,,
347,17, I will not fail to bring to your notice that this transaction is hitch free and that you should no entertain any atom of fear as all required arrangements have been made for the transfer.,been,,,,,,<[been[()[]]]>,,
348,17, I will not fail to bring to your notice that this transaction is hitch free and that you should no entertain any atom of fear as all required arrangements have been made for the transfer.,made,all required arrangements,,,,,<[made[all required arrangements()[]]]>,,
349,17,"I will not fail to bring to your notice this transaction is hitch-free and that you should not entertain any atom of fear as all required Arrangements have been made for the transfer, please treat this business with utmost confidentiality and you should contact me immediately as soon as you receive this letter.",entertain,any atom of fear,,,,,<[NOT entertain[any atom of fear()[]]]>,,
350,17,"I will not fail to bring to your notice this transaction is hitch-free and that you should not entertain any atom of fear as all required Arrangements have been made for the transfer, please treat this business with utmost confidentiality and you should contact me immediately as soon as you receive this letter.",fail,i,to bring to your notice this transaction is hitch - free and that you should not entertain any atom of fear as all required arrangements have been made for the transfer,,,,<[NOT fail[i()['finance_info']]]>,,finance_info
351,17,"I will not fail to bring to your notice this transaction is hitch-free and that you should not entertain any atom of fear as all required Arrangements have been made for the transfer, please treat this business with utmost confidentiality and you should contact me immediately as soon as you receive this letter.",bring,this transaction is hitch - free,to your notice,0.8,,,<PERFORM[bring[this transaction is hitch - free()['finance_info']]]>,,finance_info
352,17,"I will not fail to bring to your notice this transaction is hitch-free and that you should not entertain any atom of fear as all required Arrangements have been made for the transfer, please treat this business with utmost confidentiality and you should contact me immediately as soon as you receive this letter.",is,this transaction,hitch - free,,,,<[is[this transaction()['finance_info']]]>,,finance_info
353,17,"I will not fail to bring to your notice this transaction is hitch-free and that you should not entertain any atom of fear as all required Arrangements have been made for the transfer, please treat this business with utmost confidentiality and you should contact me immediately as soon as you receive this letter.",required,arrangements,,,,,<[required[arrangements()[]]]>,,
354,17,"I will not fail to bring to your notice this transaction is hitch-free and that you should not entertain any atom of fear as all required Arrangements have been made for the transfer, please treat this business with utmost confidentiality and you should contact me immediately as soon as you receive this letter.",have,,,,,,<[have[()[]]]>,,
355,17,"I will not fail to bring to your notice this transaction is hitch-free and that you should not entertain any atom of fear as all required Arrangements have been made for the transfer, please treat this business with utmost confidentiality and you should contact me immediately as soon as you receive this letter.",been,,,,,,<[been[()[]]]>,,
356,17,"I will not fail to bring to your notice this transaction is hitch-free and that you should not entertain any atom of fear as all required Arrangements have been made for the transfer, please treat this business with utmost confidentiality and you should contact me immediately as soon as you receive this letter.",made,all required arrangements,,,,,<[made[all required arrangements()[]]]>,,
357,17,"I will not fail to bring to your notice this transaction is hitch-free and that you should not entertain any atom of fear as all required Arrangements have been made for the transfer, please treat this business with utmost confidentiality and you should contact me immediately as soon as you receive this letter.",please,,,,,,<[please[()[]]]>,,
358,17,"I will not fail to bring to your notice this transaction is hitch-free and that you should not entertain any atom of fear as all required Arrangements have been made for the transfer, please treat this business with utmost confidentiality and you should contact me immediately as soon as you receive this letter.",treat,this business,,,,,<[treat[this business()['business']]]>,,business
359,17,"I will not fail to bring to your notice this transaction is hitch-free and that you should not entertain any atom of fear as all required Arrangements have been made for the transfer, please treat this business with utmost confidentiality and you should contact me immediately as soon as you receive this letter.",contact,me,,0.7,PERFORM,,<PERFORM[contact[me()[]]]>,X,
360,17,"I will not fail to bring to your notice this transaction is hitch-free and that you should not entertain any atom of fear as all required Arrangements have been made for the transfer, please treat this business with utmost confidentiality and you should contact me immediately as soon as you receive this letter.",receive,this letter,,0.7,,,<PERFORM[receive[this letter()[]]]>,,
361,17,Please make sure you keep this transaction as your top secret and make it confidential till we receive the fund into the account that you will provide to the Bank.,sure,,,,,,<[sure[()[]]]>,,
362,17,Please make sure you keep this transaction as your top secret and make it confidential till we receive the fund into the account that you will provide to the Bank.,receive,the fund,into the account that you will provide to the bank,0.8,PERFORM,,"<PERFORM[receive[the fund()['finance_info', 'credentials']]]>",,"finance_info,credentials"
363,17,Please make sure you keep this transaction as your top secret and make it confidential till we receive the fund into the account that you will provide to the Bank.,keep,this transaction,,0.9,PERFORM,,<GAIN[keep[this transaction()['finance_info']]]>,,finance_info
364,17,Please make sure you keep this transaction as your top secret and make it confidential till we receive the fund into the account that you will provide to the Bank.,provide,the account,to the bank,0.8,PERFORM,,"<PERFORM[provide[the account()['finance_info', 'credentials']]]>",,"finance_info,credentials"
365,17," Dont disclose it to any body, because the secrecy of this transaction is as well as the success of it.",disclose,it,to any body,,,,<[disclose[it()[]]]>,,
366,17," Dont disclose it to any body, because the secrecy of this transaction is as well as the success of it.",is,the secrecy of this transaction,as well as the success of it,,,,<[is[the secrecy of this transaction()['finance_info']]]>,,finance_info
367,17, I am waiting to hear from you urgently.,hear,from you,urgently,,,,<[hear[from you()[]]]>,,
368,17, I am waiting to hear from you urgently.,am,,,,,,<[am[()[]]]>,,
369,17, Please reply me on this my private E-MAIL contact only;  URL,reply,me,,0.9,PERFORM,,<PERFORM[reply[me(0)[]]]>,X,
370,17,Your full name..........,name,,,,,,<[name[()[]]]>,,
371,17, Home address:.........,address,,,,,,<[address[()[]]]>,,
372,17, Your country...........,country,,,,,,<[country[()[]]]>,,
373,17, Your city..............,city,,,,,,<[city[()[]]]>,,
374,17, Telephone......,telephone,,,0.7,,,<PERFORM[telephone[()[]]]>,,
375,17, Occupation:.......,occupation,,,,,,<[occupation[()[]]]>,,
376,17, Age:....................,age,,,,,,<[age[()[]]]>,,
377,17, SEX:...........................,sex,,,,,,<[sex[()[]]]>,,
378,17, I expect your urgent response with much anticipation!!!!!!!,expect,your urgent response with much anticipation,,,PERFORM,,<[expect[your urgent response with much anticipation()[]]]>,X,
379,17," yours faithfully, Mr.Sal Is.",is,,,,,,<[is[()[]]]>,,
380,17," yours faithfully, Mr.Sal Is.",yours,,,,,,<[yours[()[]]]>,,
381,18,Hello  URL vqEX7,vqex7,,,,,,<[vqex7[()[]]]>,,
382,18,Only we have a base of 250 million e-mail addresses vqEX7,have,a base of 250 million e - mail addresses,,,,,<[have[a base of 250 million e - mail addresses()[]]]>,,
383,18,Only we have a base of 250 million e-mail addresses vqEX7,vqex7,,,,,,<[vqex7[()[]]]>,,
384,18,of businessmen from all over the World.,businessmen,,,,,,<[businessmen[()[]]]>,,
385,18, vqEX7,vqex7,,,,,,<[vqex7[()[]]]>,,
386,18,Our contacts:  business.group@example.com vqEX7,contacts,,,0,PERFORM,,<PERFORM[contacts[(0)[]]]>,,
387,18,Our contacts:  business.group@example.com vqEX7,vqex7,,,,,,<[vqex7[()[]]]>,,
388,18,To unsubscribe send us an email with the topic 'unsubscribe' vqEX7,send,an email with the topic ' unsubscribe ' vqex7,us,0.8,PERFORM,,<PERFORM[send[an email with the topic ' unsubscribe ' vqex7()['personal']]]>,X,personal
389,19,"Dear Colleague,",colleague,,,,,,<[colleague[()[]]]>,,
390,19,AI Trends is conducting a survey on AI solutions within your organization.,conducting,a survey on ai solutions,,,,,<[conducting[a survey on ai solutions()['phishing']]]>,,phishing
391,19,AI Trends is conducting a survey on AI solutions within your organization.,is,,,,,,<[is[()[]]]>,,
392,19, Qualified participants will be entered for a chance to win 1 of 5 Apple AirPods.,entered,qualified participants,,,,,<[entered[qualified participants()[]]]>,,
393,19, Qualified participants will be entered for a chance to win 1 of 5 Apple AirPods.,be,,,,,,<[be[()[]]]>,,
394,19, Qualified participants will be entered for a chance to win 1 of 5 Apple AirPods.,win,1 of 5 apple airpods,,0.9,,GAIN,<GAIN[win[1 of 5 apple airpods()[]]]>,,
395,19, We appreciate your feedback.,appreciate,your feedback,,,,,<[appreciate[your feedback()[]]]>,,
396,19,Contribute here!,contribute,,,0,GIVE,,<GIVE[Contribute[(0)[]]]>,X,
397,19,Thank you for your time.,thank,you,for your time,,,,<[Thank[you()[]]]>,,
398,19,Mark Conway Marketing Manager aiFuture.com,aiFuture.com,,,,,,<[aiFuture.com[()[]]]>,,
399,19,"AI Future250 Main St, Suite 100, Rockville, MD - Tel: 999-422-9999 | Fax: 999-422-9998 This email is being sent to  URL This email communication is for marketing purposes.",avenue,,,,,,<[avenue[()[]]]>,,
400,19,"AI Future250 Main St, Suite 100, Rockville, MD - Tel: 999-422-9999 | Fax: 999-422-9998 This email is being sent to  URL This email communication is for marketing purposes.",fax,,,0,PERFORM,,<PERFORM[fax[(4)[]]]>,X,
401,19,"AI Future250 Main St, Suite 100, Rockville, MD - Tel: 999-422-9999 | Fax: 999-422-9998 This email is being sent to  URL This email communication is for marketing purposes.",is,this email communication,for marketing purposes,,,,<[is[this email communication()['personal']]]>,,personal
402,19,"AI Future250 Main St, Suite 100, Rockville, MD - Tel: 999-422-9999 | Fax: 999-422-9998 This email is being sent to  URL This email communication is for marketing purposes.",being,,,,,,<[being[()[]]]>,,
403,19,"AI Future250 Main St, Suite 100, Rockville, MD - Tel: 999-422-9999 | Fax: 999-422-9998 This email is being sent to  URL This email communication is for marketing purposes.",sent,this email,to url,0,,,<PERFORM[sent[this email()['personal']]]>,,personal
404,19,"AI Future250 Main St, Suite 100, Rockville, MD - Tel: 999-422-9999 | Fax: 999-422-9998 This email is being sent to  URL This email communication is for marketing purposes.",is,this email communication,for marketing purposes,,,,<[is[this email communication()['personal']]]>,,personal
405,19," If it is not of interest to you,  please disregard and we apologize for any inconvenience this may have caused.",interest,,,,,,<[NOT interest[()[]]]>,,
406,19," If it is not of interest to you,  please disregard and we apologize for any inconvenience this may have caused.",please,disregard,,,,,<[please[disregard()[]]]>,,
407,19," If it is not of interest to you,  please disregard and we apologize for any inconvenience this may have caused.",apologize,for any inconvenience this may have caused,,,,,<[apologize[for any inconvenience this may have caused()[]]]>,,
408,19," If it is not of interest to you,  please disregard and we apologize for any inconvenience this may have caused.",is,it,of interest,,,,<[is[it()[]]]>,,
409,19," If it is not of interest to you,  please disregard and we apologize for any inconvenience this may have caused.",have,,,,,,<[have[()[]]]>,,
410,19," If it is not of interest to you,  please disregard and we apologize for any inconvenience this may have caused.",caused,any inconvenience,,,,,<[caused[any inconvenience()[]]]>,,
411,19," To prevent further emails, go to  http://www.aiFuture.com/unsubscribe/ Privacy  Policy",go,,,,PERFORM,,<[go[(3)[]]]>,X,
412,20,New research about sleep,research,,,,,,<[research[()[]]]>,,
413,20,"Hey, I will be at the meeting tomorrow.",meeting,,,,,,<[meeting[()[]]]>,,
414,20,"Hey, I will be at the meeting tomorrow.",be,i,at the meeting,,,,<[be[i()[]]]>,,
415,20," I might be a couple minutes late because of traffic at that time of day, but I'll be there as soon as possible.",minutes,,,,,,<[minutes[()[]]]>,,
416,20," I might be a couple minutes late because of traffic at that time of day, but I'll be there as soon as possible.",be,i,there,,,,<[be[i()[]]]>,,
417,20," Schedule me for Wednesday, please.",please,,,,,,<[please[()[]]]>,,
418,20," Schedule me for Wednesday, please.",schedule,me,,,PERFORM,,<[Schedule[me()[]]]>,X,
419,20, Thanks you.,thanks,,,,,,<[thanks[()[]]]>,,
420,20,Lake Fine Hotel & Spa Get Ready To Sleep Better Than You Have In Years New research has found that this natural sleep aid is far more effective than the most commonly prescribed sleeping pills without any of the unwanted side effects.,ready,,,,,,<[ready[()[]]]>,,
421,20,Lake Fine Hotel & Spa Get Ready To Sleep Better Than You Have In Years New research has found that this natural sleep aid is far more effective than the most commonly prescribed sleeping pills without any of the unwanted side effects.,has,,,,,,<[has[()[]]]>,,
422,20,Lake Fine Hotel & Spa Get Ready To Sleep Better Than You Have In Years New research has found that this natural sleep aid is far more effective than the most commonly prescribed sleeping pills without any of the unwanted side effects.,found,that this natural sleep aid is far more effective than the most commonly prescribed sleeping pills without any of the unwanted side effects,,0,,,<PERFORM[found[that this natural sleep aid is far more effective than the most commonly prescribed sleeping pills without any of the unwanted side effects()[]]]>,,
423,20,Lake Fine Hotel & Spa Get Ready To Sleep Better Than You Have In Years New research has found that this natural sleep aid is far more effective than the most commonly prescribed sleeping pills without any of the unwanted side effects.,is,this natural sleep aid,far more effective than the most commonly prescribed sleeping pills,,,,<[is[this natural sleep aid()[]]]>,,
424,20,Lake Fine Hotel & Spa Get Ready To Sleep Better Than You Have In Years New research has found that this natural sleep aid is far more effective than the most commonly prescribed sleeping pills without any of the unwanted side effects.,prescribed,sleeping pills,,,,,<[prescribed[sleeping pills()[]]]>,,
425,20,Lake Fine Hotel & Spa Get Ready To Sleep Better Than You Have In Years New research has found that this natural sleep aid is far more effective than the most commonly prescribed sleeping pills without any of the unwanted side effects.,sleeping,,,,,,<[sleeping[()[]]]>,,
426,20,FIND OUT MORE,find,more,,0.9,PERFORM,,<PERFORM[FIND[more(1)[]]]>,X,
427,20,Contact,contact,,,0,PERFORM,,<PERFORM[contact[()[]]]>,X,
428,20,him one or three or five grand.,one,,,,,,<[one[()[]]]>,,
429,20,him one or three or five grand.,three,,,,,,<[three[()[]]]>,,
430,20,him one or three or five grand.,grand,,,,,,<[grand[()[]]]>,,
431,20," he was constantly prone to emotional episodes about how unfair everything was, how he resented the parents for not supporting him and fanatically ranted about having to do everything himself in life.",was,everything,how unfair,,,,<[was[everything()[]]]>,,
432,20," he was constantly prone to emotional episodes about how unfair everything was, how he resented the parents for not supporting him and fanatically ranted about having to do everything himself in life.",was,everything,how unfair,,,,<[was[everything()[]]]>,,
433,20," he was constantly prone to emotional episodes about how unfair everything was, how he resented the parents for not supporting him and fanatically ranted about having to do everything himself in life.",resented,the parents,for not supporting him,0.9,,,<LOSE[resented[the parents()[]]]>,,
434,20," he was constantly prone to emotional episodes about how unfair everything was, how he resented the parents for not supporting him and fanatically ranted about having to do everything himself in life.",supporting,him,,0,,,<PERFORM[NOT supporting[him()[]]]>,,
435,20," he was constantly prone to emotional episodes about how unfair everything was, how he resented the parents for not supporting him and fanatically ranted about having to do everything himself in life.",ranted,about having to do everything himself in life,,,,,<[ranted[about having to do everything himself in life()[]]]>,,
436,20," he was constantly prone to emotional episodes about how unfair everything was, how he resented the parents for not supporting him and fanatically ranted about having to do everything himself in life.",having,,,,,,<[having[()[]]]>,,
437,20," he was constantly prone to emotional episodes about how unfair everything was, how he resented the parents for not supporting him and fanatically ranted about having to do everything himself in life.",do,everything himself,,,,,<[do[everything himself()[]]]>,,
438,20, it's the worst case because i've never otherwise known someone so cartoonishly hypocritical.,known,someone so cartoonishly hypocritical,,,,,<[NOT known[someone so cartoonishly hypocritical()[]]]>,,
439,20, ummmm how about litcherally samuel dump???,ummmm,how about litcherally samuel dump,,,,,<[ummmm[how about litcherally samuel dump()[]]]>,,
440,20, ummmm how about litcherally samuel dump???,dump,,,,,,<[dump[()[]]]>,,
441,20, <--- upvotes that way please xd dude in high school drove a hummer to school thought he could just have the best seat in cl but it was really just about who got their first.,drove,a hummer,,,,,<[drove[a hummer()[]]]>,,
442,20, <--- upvotes that way please xd dude in high school drove a hummer to school thought he could just have the best seat in cl but it was really just about who got their first.,thought,he could just have the best seat in cl,,,,,<[thought[he could just have the best seat in cl()[]]]>,,
443,20, <--- upvotes that way please xd dude in high school drove a hummer to school thought he could just have the best seat in cl but it was really just about who got their first.,about,,,,,,<[about[()[]]]>,,
444,20, <--- upvotes that way please xd dude in high school drove a hummer to school thought he could just have the best seat in cl but it was really just about who got their first.,please,dude,,,,,<[please[dude()[]]]>,,
445,20, <--- upvotes that way please xd dude in high school drove a hummer to school thought he could just have the best seat in cl but it was really just about who got their first.,have,the best seat in,,,,,<[have[the best seat in()[]]]>,,
446,20, <--- upvotes that way please xd dude in high school drove a hummer to school thought he could just have the best seat in cl but it was really just about who got their first.,was,it,just about who got their first,,,,<[was[it()[]]]>,,
447,20, <--- upvotes that way please xd dude in high school drove a hummer to school thought he could just have the best seat in cl but it was really just about who got their first.,got,their,,0.9,,,<GAIN[got[their()[]]]>,,
448,20, always complained and demanded he have one whole desk just for his duffle bag.,complained,,,,,,<[complained[()[]]]>,,
449,20, always complained and demanded he have one whole desk just for his duffle bag.,demanded,he have one whole desk just for his duffle bag,,,,,<[demanded[he have one whole desk just for his duffle bag()[]]]>,,
450,20, always complained and demanded he have one whole desk just for his duffle bag.,have,one whole desk,,,,,<[have[one whole desk()[]]]>,,
451,20, ing duffle bag for no reason liberal university students in america not realizing that they are the one percent.,ing,duffle bag,,,,,<[ing[duffle bag()[]]]>,,
452,20, ing duffle bag for no reason liberal university students in america not realizing that they are the one percent.,realizing,that they are the one percent,,,,,<[NOT realizing[that they are the one percent()[]]]>,,
453,20, ing duffle bag for no reason liberal university students in america not realizing that they are the one percent.,are,they,the one percent,,,,<[are[they()[]]]>,,
454,20, worked with a high school girl.,worked,,,,,,<[worked[()[]]]>,,
455,20," it was her first job, and at a restaurant.",job,,,,,,<[job[()['scam_job']]]>,,scam_job
456,20," it was her first job, and at a restaurant.",restaurant,,,,,,<[restaurant[()[]]]>,,
457,20," it was her first job, and at a restaurant.",was,it,"her first job , and at a restaurant",,,,<[was[it()['scam_job']]]>,,scam_job
458,20, i was talking with another co worker about our second jobs and she asked us ?,talking,about our second jobs,with another co worker,,,,<[talking[about our second jobs()[]]]>,,
459,20, i was talking with another co worker about our second jobs and she asked us ?,asked,us,,0,,,<PERFORM[asked[us()[]]]>,,
460,20, i was talking with another co worker about our second jobs and she asked us ?,was,,,,,,<[was[()[]]]>,,
461,20,why would you have more than one job?,have,more than one job,,,,,<[have[more than one job()['scam_job']]]>,,scam_job
462,20, legitimately didn?t understand what bills were when we explained.,understand,what bills were when we explained,,,,,<[understand[what bills were when we explained()[]]]>,,
463,20, legitimately didn?t understand what bills were when we explained.,were,bills,what,,,,<[were[bills()[]]]>,,
464,20, legitimately didn?t understand what bills were when we explained.,explained,,,,,,<[explained[()[]]]>,,
465,20," ran into her a few years later and she was serving tables, looked ran down, and now clearly understands why people have more than one job.",ran,,,,,,<[ran[()[]]]>,,
466,20," ran into her a few years later and she was serving tables, looked ran down, and now clearly understands why people have more than one job.",ran,,,,,,<[ran[()[]]]>,,
467,20," ran into her a few years later and she was serving tables, looked ran down, and now clearly understands why people have more than one job.",serving,tables,,0,,,<GIVE[serving[tables()[]]]>,,
468,20," ran into her a few years later and she was serving tables, looked ran down, and now clearly understands why people have more than one job.",understands,why people have more than one job,,,,,<[understands[why people have more than one job()['scam_job']]]>,,scam_job
469,20," ran into her a few years later and she was serving tables, looked ran down, and now clearly understands why people have more than one job.",was,,,,,,<[was[()[]]]>,,
470,20," ran into her a few years later and she was serving tables, looked ran down, and now clearly understands why people have more than one job.",looked,ran down,,0,,,<PERFORM[looked[ran down()[]]]>,,
471,20," ran into her a few years later and she was serving tables, looked ran down, and now clearly understands why people have more than one job.",have,more than one job,,,,,<[have[more than one job()['scam_job']]]>,,scam_job
472,20, gonna need,need,,,0.1,GIVE,,<GIVE[need[()[]]]>,,
